"iter","time","est_name","n_fe","dgp_name","n_iters","n_obs"
2,0.066328763961792,"pyfixest.feols",1,"basic_dgp",10,1000
2,0.000772953033447266,"FixedEffectModels.reg",1,"basic_dgp",10,1000
2,0.058527946472168,"lfe::felm",1,"basic_dgp",10,1000
2,0.00419402122497559,"fixest::feols",1,"basic_dgp",10,1000
2,0.0630602836608887,"pyfixest.feols",2,"basic_dgp",10,1000
2,0.00178217887878418,"FixedEffectModels.reg",2,"basic_dgp",10,1000
2,0.0540950298309326,"lfe::felm",2,"basic_dgp",10,1000
2,0.00506591796875,"fixest::feols",2,"basic_dgp",10,1000
2,0.0659739971160889,"pyfixest.feols",3,"basic_dgp",10,1000
2,0.00243496894836426,"FixedEffectModels.reg",3,"basic_dgp",10,1000
2,0.0571200847625732,"lfe::felm",3,"basic_dgp",10,1000
2,0.00493192672729492,"fixest::feols",3,"basic_dgp",10,1000
3,0.0608949661254883,"pyfixest.feols",1,"basic_dgp",10,1000
3,0.000735044479370117,"FixedEffectModels.reg",1,"basic_dgp",10,1000
3,0.0585639476776123,"lfe::felm",1,"basic_dgp",10,1000
3,0.00408005714416504,"fixest::feols",1,"basic_dgp",10,1000
3,0.0629010200500488,"pyfixest.feols",2,"basic_dgp",10,1000
3,0.0019679069519043,"FixedEffectModels.reg",2,"basic_dgp",10,1000
3,0.0579319000244141,"lfe::felm",2,"basic_dgp",10,1000
3,0.00501298904418945,"fixest::feols",2,"basic_dgp",10,1000
3,0.0620620250701904,"pyfixest.feols",3,"basic_dgp",10,1000
3,0.00242877006530762,"FixedEffectModels.reg",3,"basic_dgp",10,1000
3,0.0585739612579346,"lfe::felm",3,"basic_dgp",10,1000
3,0.00512790679931641,"fixest::feols",3,"basic_dgp",10,1000
4,0.0620310306549072,"pyfixest.feols",1,"basic_dgp",10,1000
4,0.000732898712158203,"FixedEffectModels.reg",1,"basic_dgp",10,1000
4,0.058570146560669,"lfe::felm",1,"basic_dgp",10,1000
4,0.0042569637298584,"fixest::feols",1,"basic_dgp",10,1000
4,0.0612702369689941,"pyfixest.feols",2,"basic_dgp",10,1000
4,0.00177192687988281,"FixedEffectModels.reg",2,"basic_dgp",10,1000
4,0.0584390163421631,"lfe::felm",2,"basic_dgp",10,1000
4,0.00492715835571289,"fixest::feols",2,"basic_dgp",10,1000
4,0.061103105545044,"pyfixest.feols",3,"basic_dgp",10,1000
4,0.00239992141723633,"FixedEffectModels.reg",3,"basic_dgp",10,1000
4,0.0583088397979736,"lfe::felm",3,"basic_dgp",10,1000
4,0.171812057495117,"fixest::feols",3,"basic_dgp",10,1000
5,0.0634009838104248,"pyfixest.feols",1,"basic_dgp",10,1000
5,0.000715017318725586,"FixedEffectModels.reg",1,"basic_dgp",10,1000
5,0.0578668117523193,"lfe::felm",1,"basic_dgp",10,1000
5,0.0035550594329834,"fixest::feols",1,"basic_dgp",10,1000
5,0.0609011650085449,"pyfixest.feols",2,"basic_dgp",10,1000
5,0.00181794166564941,"FixedEffectModels.reg",2,"basic_dgp",10,1000
5,0.057528018951416,"lfe::felm",2,"basic_dgp",10,1000
5,0.00412607192993164,"fixest::feols",2,"basic_dgp",10,1000
5,0.0605998039245605,"pyfixest.feols",3,"basic_dgp",10,1000
5,0.00238299369812012,"FixedEffectModels.reg",3,"basic_dgp",10,1000
5,0.0574479103088379,"lfe::felm",3,"basic_dgp",10,1000
5,0.00414299964904785,"fixest::feols",3,"basic_dgp",10,1000
6,0.0638206005096436,"pyfixest.feols",1,"basic_dgp",10,1000
6,0.000719070434570312,"FixedEffectModels.reg",1,"basic_dgp",10,1000
6,0.0550150871276855,"lfe::felm",1,"basic_dgp",10,1000
6,0.00352883338928223,"fixest::feols",1,"basic_dgp",10,1000
6,0.061600923538208,"pyfixest.feols",2,"basic_dgp",10,1000
6,0.00191903114318848,"FixedEffectModels.reg",2,"basic_dgp",10,1000
6,0.057502031326294,"lfe::felm",2,"basic_dgp",10,1000
6,0.00541210174560547,"fixest::feols",2,"basic_dgp",10,1000
6,0.0611269474029541,"pyfixest.feols",3,"basic_dgp",10,1000
6,0.00297904014587402,"FixedEffectModels.reg",3,"basic_dgp",10,1000
6,0.0576038360595703,"lfe::felm",3,"basic_dgp",10,1000
6,0.00424098968505859,"fixest::feols",3,"basic_dgp",10,1000
7,0.0601761341094971,"pyfixest.feols",1,"basic_dgp",10,1000
7,0.00071406364440918,"FixedEffectModels.reg",1,"basic_dgp",10,1000
7,0.0542728900909424,"lfe::felm",1,"basic_dgp",10,1000
7,0.00366711616516113,"fixest::feols",1,"basic_dgp",10,1000
7,0.0608997344970703,"pyfixest.feols",2,"basic_dgp",10,1000
7,0.00173401832580566,"FixedEffectModels.reg",2,"basic_dgp",10,1000
7,0.0571601390838623,"lfe::felm",2,"basic_dgp",10,1000
7,0.00421690940856934,"fixest::feols",2,"basic_dgp",10,1000
7,0.0610730648040771,"pyfixest.feols",3,"basic_dgp",10,1000
7,0.0023961067199707,"FixedEffectModels.reg",3,"basic_dgp",10,1000
7,0.0575931072235107,"lfe::felm",3,"basic_dgp",10,1000
7,0.00421690940856934,"fixest::feols",3,"basic_dgp",10,1000
8,0.0625641345977783,"pyfixest.feols",1,"basic_dgp",10,1000
8,0.000720024108886719,"FixedEffectModels.reg",1,"basic_dgp",10,1000
8,0.0546290874481201,"lfe::felm",1,"basic_dgp",10,1000
8,0.00344610214233398,"fixest::feols",1,"basic_dgp",10,1000
8,0.0616199970245361,"pyfixest.feols",2,"basic_dgp",10,1000
8,0.00177192687988281,"FixedEffectModels.reg",2,"basic_dgp",10,1000
8,0.0533750057220459,"lfe::felm",2,"basic_dgp",10,1000
8,0.00411391258239746,"fixest::feols",2,"basic_dgp",10,1000
8,0.0615699291229248,"pyfixest.feols",3,"basic_dgp",10,1000
8,0.00265097618103027,"FixedEffectModels.reg",3,"basic_dgp",10,1000
8,0.0575599670410156,"lfe::felm",3,"basic_dgp",10,1000
8,0.00423097610473633,"fixest::feols",3,"basic_dgp",10,1000
9,0.0601449012756348,"pyfixest.feols",1,"basic_dgp",10,1000
9,0.000698089599609375,"FixedEffectModels.reg",1,"basic_dgp",10,1000
9,0.0579791069030762,"lfe::felm",1,"basic_dgp",10,1000
9,0.00354409217834473,"fixest::feols",1,"basic_dgp",10,1000
9,0.0609378814697266,"pyfixest.feols",2,"basic_dgp",10,1000
9,0.00169801712036133,"FixedEffectModels.reg",2,"basic_dgp",10,1000
9,0.0575830936431885,"lfe::felm",2,"basic_dgp",10,1000
9,0.00428915023803711,"fixest::feols",2,"basic_dgp",10,1000
9,0.0616409778594971,"pyfixest.feols",3,"basic_dgp",10,1000
9,0.00235700607299805,"FixedEffectModels.reg",3,"basic_dgp",10,1000
9,0.0577058792114258,"lfe::felm",3,"basic_dgp",10,1000
9,0.00419306755065918,"fixest::feols",3,"basic_dgp",10,1000
10,0.0631330013275146,"pyfixest.feols",1,"basic_dgp",10,1000
10,0.000691890716552734,"FixedEffectModels.reg",1,"basic_dgp",10,1000
10,0.0583219528198242,"lfe::felm",1,"basic_dgp",10,1000
10,0.0034949779510498,"fixest::feols",1,"basic_dgp",10,1000
10,0.0607039928436279,"pyfixest.feols",2,"basic_dgp",10,1000
10,0.00176906585693359,"FixedEffectModels.reg",2,"basic_dgp",10,1000
10,0.0596649646759033,"lfe::felm",2,"basic_dgp",10,1000
10,0.00417208671569824,"fixest::feols",2,"basic_dgp",10,1000
10,0.0609557628631592,"pyfixest.feols",3,"basic_dgp",10,1000
10,0.00238990783691406,"FixedEffectModels.reg",3,"basic_dgp",10,1000
10,0.0548360347747803,"lfe::felm",3,"basic_dgp",10,1000
10,0.00430607795715332,"fixest::feols",3,"basic_dgp",10,1000
11,0.0619409084320068,"pyfixest.feols",1,"basic_dgp",10,1000
11,0.000947952270507812,"FixedEffectModels.reg",1,"basic_dgp",10,1000
11,0.058837890625,"lfe::felm",1,"basic_dgp",10,1000
11,0.00354099273681641,"fixest::feols",1,"basic_dgp",10,1000
11,0.0609407424926758,"pyfixest.feols",2,"basic_dgp",10,1000
11,0.00174903869628906,"FixedEffectModels.reg",2,"basic_dgp",10,1000
11,0.0576989650726318,"lfe::felm",2,"basic_dgp",10,1000
11,0.0103921890258789,"fixest::feols",2,"basic_dgp",10,1000
11,0.0613598823547363,"pyfixest.feols",3,"basic_dgp",10,1000
11,0.00246405601501465,"FixedEffectModels.reg",3,"basic_dgp",10,1000
11,0.0575530529022217,"lfe::felm",3,"basic_dgp",10,1000
11,0.00416898727416992,"fixest::feols",3,"basic_dgp",10,1000
2,0.0638542175292969,"pyfixest.feols",1,"basic_dgp",10,10000
2,0.000940084457397461,"FixedEffectModels.reg",1,"basic_dgp",10,10000
2,0.0584628582000732,"lfe::felm",1,"basic_dgp",10,10000
2,0.0038149356842041,"fixest::feols",1,"basic_dgp",10,10000
2,0.0638959407806396,"pyfixest.feols",2,"basic_dgp",10,10000
2,0.00383710861206055,"FixedEffectModels.reg",2,"basic_dgp",10,10000
2,0.0590569972991943,"lfe::felm",2,"basic_dgp",10,10000
2,0.00445699691772461,"fixest::feols",2,"basic_dgp",10,10000
2,0.0650181770324707,"pyfixest.feols",3,"basic_dgp",10,10000
2,0.00326418876647949,"FixedEffectModels.reg",3,"basic_dgp",10,10000
2,0.0598669052124023,"lfe::felm",3,"basic_dgp",10,10000
2,0.00548195838928223,"fixest::feols",3,"basic_dgp",10,10000
3,0.0627620220184326,"pyfixest.feols",1,"basic_dgp",10,10000
3,0.000916004180908203,"FixedEffectModels.reg",1,"basic_dgp",10,10000
3,0.059380054473877,"lfe::felm",1,"basic_dgp",10,10000
3,0.00393295288085938,"fixest::feols",1,"basic_dgp",10,10000
3,0.0636470317840576,"pyfixest.feols",2,"basic_dgp",10,10000
3,0.00249505043029785,"FixedEffectModels.reg",2,"basic_dgp",10,10000
3,0.0596730709075928,"lfe::felm",2,"basic_dgp",10,10000
3,0.00464820861816406,"fixest::feols",2,"basic_dgp",10,10000
3,0.0669360160827637,"pyfixest.feols",3,"basic_dgp",10,10000
3,0.0037989616394043,"FixedEffectModels.reg",3,"basic_dgp",10,10000
3,0.0545518398284912,"lfe::felm",3,"basic_dgp",10,10000
3,0.00469613075256348,"fixest::feols",3,"basic_dgp",10,10000
4,0.0641162395477295,"pyfixest.feols",1,"basic_dgp",10,10000
4,0.00100898742675781,"FixedEffectModels.reg",1,"basic_dgp",10,10000
4,0.0627028942108154,"lfe::felm",1,"basic_dgp",10,10000
4,0.00535202026367188,"fixest::feols",1,"basic_dgp",10,10000
4,0.0640089511871338,"pyfixest.feols",2,"basic_dgp",10,10000
4,0.00243210792541504,"FixedEffectModels.reg",2,"basic_dgp",10,10000
4,0.0565099716186523,"lfe::felm",2,"basic_dgp",10,10000
4,0.00451993942260742,"fixest::feols",2,"basic_dgp",10,10000
4,0.0648500919342041,"pyfixest.feols",3,"basic_dgp",10,10000
4,0.00456404685974121,"FixedEffectModels.reg",3,"basic_dgp",10,10000
4,0.059359073638916,"lfe::felm",3,"basic_dgp",10,10000
4,0.00478291511535645,"fixest::feols",3,"basic_dgp",10,10000
5,0.0632898807525635,"pyfixest.feols",1,"basic_dgp",10,10000
5,0.000944137573242188,"FixedEffectModels.reg",1,"basic_dgp",10,10000
5,0.0626041889190674,"lfe::felm",1,"basic_dgp",10,10000
5,0.00385499000549316,"fixest::feols",1,"basic_dgp",10,10000
5,0.063237190246582,"pyfixest.feols",2,"basic_dgp",10,10000
5,0.00234007835388184,"FixedEffectModels.reg",2,"basic_dgp",10,10000
5,0.0576372146606445,"lfe::felm",2,"basic_dgp",10,10000
5,0.00449490547180176,"fixest::feols",2,"basic_dgp",10,10000
5,0.0679528713226318,"pyfixest.feols",3,"basic_dgp",10,10000
5,0.00330686569213867,"FixedEffectModels.reg",3,"basic_dgp",10,10000
5,0.0596959590911865,"lfe::felm",3,"basic_dgp",10,10000
5,0.00481104850769043,"fixest::feols",3,"basic_dgp",10,10000
6,0.0647158622741699,"pyfixest.feols",1,"basic_dgp",10,10000
6,0.00103211402893066,"FixedEffectModels.reg",1,"basic_dgp",10,10000
6,0.0627210140228271,"lfe::felm",1,"basic_dgp",10,10000
6,0.00399589538574219,"fixest::feols",1,"basic_dgp",10,10000
6,0.0668611526489258,"pyfixest.feols",2,"basic_dgp",10,10000
6,0.00239801406860352,"FixedEffectModels.reg",2,"basic_dgp",10,10000
6,0.0593090057373047,"lfe::felm",2,"basic_dgp",10,10000
6,0.00459599494934082,"fixest::feols",2,"basic_dgp",10,10000
6,0.0665199756622314,"pyfixest.feols",3,"basic_dgp",10,10000
6,0.00325512886047363,"FixedEffectModels.reg",3,"basic_dgp",10,10000
6,0.0597681999206543,"lfe::felm",3,"basic_dgp",10,10000
6,0.00615596771240234,"fixest::feols",3,"basic_dgp",10,10000
7,0.0638747215270996,"pyfixest.feols",1,"basic_dgp",10,10000
7,0.00285196304321289,"FixedEffectModels.reg",1,"basic_dgp",10,10000
7,0.0700619220733643,"lfe::felm",1,"basic_dgp",10,10000
7,0.00362682342529297,"fixest::feols",1,"basic_dgp",10,10000
7,0.0645322799682617,"pyfixest.feols",2,"basic_dgp",10,10000
7,0.0024268627166748,"FixedEffectModels.reg",2,"basic_dgp",10,10000
7,0.0590720176696777,"lfe::felm",2,"basic_dgp",10,10000
7,0.00445103645324707,"fixest::feols",2,"basic_dgp",10,10000
7,0.0659420490264893,"pyfixest.feols",3,"basic_dgp",10,10000
7,0.00338101387023926,"FixedEffectModels.reg",3,"basic_dgp",10,10000
7,0.0562300682067871,"lfe::felm",3,"basic_dgp",10,10000
7,0.00493192672729492,"fixest::feols",3,"basic_dgp",10,10000
8,0.063474178314209,"pyfixest.feols",1,"basic_dgp",10,10000
8,0.000900030136108398,"FixedEffectModels.reg",1,"basic_dgp",10,10000
8,0.0621979236602783,"lfe::felm",1,"basic_dgp",10,10000
8,0.00372815132141113,"fixest::feols",1,"basic_dgp",10,10000
8,0.0634310245513916,"pyfixest.feols",2,"basic_dgp",10,10000
8,0.0023949146270752,"FixedEffectModels.reg",2,"basic_dgp",10,10000
8,0.0589249134063721,"lfe::felm",2,"basic_dgp",10,10000
8,0.00446081161499023,"fixest::feols",2,"basic_dgp",10,10000
8,0.0653324127197266,"pyfixest.feols",3,"basic_dgp",10,10000
8,0.00272393226623535,"FixedEffectModels.reg",3,"basic_dgp",10,10000
8,0.0592410564422607,"lfe::felm",3,"basic_dgp",10,10000
8,0.00470495223999023,"fixest::feols",3,"basic_dgp",10,10000
9,0.0625169277191162,"pyfixest.feols",1,"basic_dgp",10,10000
9,0.000939846038818359,"FixedEffectModels.reg",1,"basic_dgp",10,10000
9,0.0622320175170898,"lfe::felm",1,"basic_dgp",10,10000
9,0.00370001792907715,"fixest::feols",1,"basic_dgp",10,10000
9,0.0636141300201416,"pyfixest.feols",2,"basic_dgp",10,10000
9,0.00372409820556641,"FixedEffectModels.reg",2,"basic_dgp",10,10000
9,0.0589320659637451,"lfe::felm",2,"basic_dgp",10,10000
9,0.00440406799316406,"fixest::feols",2,"basic_dgp",10,10000
9,0.0636470317840576,"pyfixest.feols",3,"basic_dgp",10,10000
9,0.0032811164855957,"FixedEffectModels.reg",3,"basic_dgp",10,10000
9,0.0591781139373779,"lfe::felm",3,"basic_dgp",10,10000
9,0.00471687316894531,"fixest::feols",3,"basic_dgp",10,10000
10,0.0632071495056152,"pyfixest.feols",1,"basic_dgp",10,10000
10,0.00115609169006348,"FixedEffectModels.reg",1,"basic_dgp",10,10000
10,0.0624701976776123,"lfe::felm",1,"basic_dgp",10,10000
10,0.00366497039794922,"fixest::feols",1,"basic_dgp",10,10000
10,0.0653350353240967,"pyfixest.feols",2,"basic_dgp",10,10000
10,0.00238990783691406,"FixedEffectModels.reg",2,"basic_dgp",10,10000
10,0.0603179931640625,"lfe::felm",2,"basic_dgp",10,10000
10,0.0044558048248291,"fixest::feols",2,"basic_dgp",10,10000
10,0.0639030933380127,"pyfixest.feols",3,"basic_dgp",10,10000
10,0.00326895713806152,"FixedEffectModels.reg",3,"basic_dgp",10,10000
10,0.0590598583221436,"lfe::felm",3,"basic_dgp",10,10000
10,0.00524306297302246,"fixest::feols",3,"basic_dgp",10,10000
11,0.0631849765777588,"pyfixest.feols",1,"basic_dgp",10,10000
11,0.00114917755126953,"FixedEffectModels.reg",1,"basic_dgp",10,10000
11,0.0623359680175781,"lfe::felm",1,"basic_dgp",10,10000
11,0.00376796722412109,"fixest::feols",1,"basic_dgp",10,10000
11,0.0634500980377197,"pyfixest.feols",2,"basic_dgp",10,10000
11,0.00241208076477051,"FixedEffectModels.reg",2,"basic_dgp",10,10000
11,0.0588870048522949,"lfe::felm",2,"basic_dgp",10,10000
11,0.00441098213195801,"fixest::feols",2,"basic_dgp",10,10000
11,0.0683889389038086,"pyfixest.feols",3,"basic_dgp",10,10000
11,0.00453400611877441,"FixedEffectModels.reg",3,"basic_dgp",10,10000
11,0.0594909191131592,"lfe::felm",3,"basic_dgp",10,10000
11,0.00506901741027832,"fixest::feols",3,"basic_dgp",10,10000
2,0.0694348812103271,"pyfixest.feols",1,"basic_dgp",10,1e+05
2,0.0902400016784668,"FixedEffectModels.reg",1,"basic_dgp",10,1e+05
2,0.11693000793457,"lfe::felm",1,"basic_dgp",10,1e+05
2,0.0118482112884521,"fixest::feols",1,"basic_dgp",10,1e+05
2,0.108559846878052,"pyfixest.feols",2,"basic_dgp",10,1e+05
2,0.0109720230102539,"FixedEffectModels.reg",2,"basic_dgp",10,1e+05
2,0.0815250873565674,"lfe::felm",2,"basic_dgp",10,1e+05
2,0.00732803344726562,"fixest::feols",2,"basic_dgp",10,1e+05
2,0.110858917236328,"pyfixest.feols",3,"basic_dgp",10,1e+05
2,0.0150408744812012,"FixedEffectModels.reg",3,"basic_dgp",10,1e+05
2,0.083939790725708,"lfe::felm",3,"basic_dgp",10,1e+05
2,0.0104968547821045,"fixest::feols",3,"basic_dgp",10,1e+05
3,0.071465253829956,"pyfixest.feols",1,"basic_dgp",10,1e+05
3,0.00285887718200684,"FixedEffectModels.reg",1,"basic_dgp",10,1e+05
3,0.120080947875977,"lfe::felm",1,"basic_dgp",10,1e+05
3,0.0055539608001709,"fixest::feols",1,"basic_dgp",10,1e+05
3,0.106234788894653,"pyfixest.feols",2,"basic_dgp",10,1e+05
3,0.0862369537353516,"FixedEffectModels.reg",2,"basic_dgp",10,1e+05
3,0.0840659141540527,"lfe::felm",2,"basic_dgp",10,1e+05
3,0.00713992118835449,"fixest::feols",2,"basic_dgp",10,1e+05
3,0.110859155654907,"pyfixest.feols",3,"basic_dgp",10,1e+05
3,0.0149869918823242,"FixedEffectModels.reg",3,"basic_dgp",10,1e+05
3,0.0857489109039307,"lfe::felm",3,"basic_dgp",10,1e+05
3,0.0093989372253418,"fixest::feols",3,"basic_dgp",10,1e+05
4,0.0913429260253906,"pyfixest.feols",1,"basic_dgp",10,1e+05
4,0.00334692001342773,"FixedEffectModels.reg",1,"basic_dgp",10,1e+05
4,0.113740921020508,"lfe::felm",1,"basic_dgp",10,1e+05
4,0.00543403625488281,"fixest::feols",1,"basic_dgp",10,1e+05
4,0.107870101928711,"pyfixest.feols",2,"basic_dgp",10,1e+05
4,0.00897598266601562,"FixedEffectModels.reg",2,"basic_dgp",10,1e+05
4,0.087148904800415,"lfe::felm",2,"basic_dgp",10,1e+05
4,0.00706815719604492,"fixest::feols",2,"basic_dgp",10,1e+05
4,0.108010053634644,"pyfixest.feols",3,"basic_dgp",10,1e+05
4,0.0902919769287109,"FixedEffectModels.reg",3,"basic_dgp",10,1e+05
4,0.0849151611328125,"lfe::felm",3,"basic_dgp",10,1e+05
4,0.00952696800231934,"fixest::feols",3,"basic_dgp",10,1e+05
5,0.0685701370239258,"pyfixest.feols",1,"basic_dgp",10,1e+05
5,0.00327610969543457,"FixedEffectModels.reg",1,"basic_dgp",10,1e+05
5,0.115206003189087,"lfe::felm",1,"basic_dgp",10,1e+05
5,0.00663399696350098,"fixest::feols",1,"basic_dgp",10,1e+05
5,0.106012105941772,"pyfixest.feols",2,"basic_dgp",10,1e+05
5,0.0101070404052734,"FixedEffectModels.reg",2,"basic_dgp",10,1e+05
5,0.0814518928527832,"lfe::felm",2,"basic_dgp",10,1e+05
5,0.0069420337677002,"fixest::feols",2,"basic_dgp",10,1e+05
5,0.109210014343262,"pyfixest.feols",3,"basic_dgp",10,1e+05
5,0.0144848823547363,"FixedEffectModels.reg",3,"basic_dgp",10,1e+05
5,0.0901808738708496,"lfe::felm",3,"basic_dgp",10,1e+05
5,0.00938987731933594,"fixest::feols",3,"basic_dgp",10,1e+05
6,0.0686488151550293,"pyfixest.feols",1,"basic_dgp",10,1e+05
6,0.012099027633667,"FixedEffectModels.reg",1,"basic_dgp",10,1e+05
6,0.114611148834229,"lfe::felm",1,"basic_dgp",10,1e+05
6,0.0056159496307373,"fixest::feols",1,"basic_dgp",10,1e+05
6,0.106290102005005,"pyfixest.feols",2,"basic_dgp",10,1e+05
6,0.00975704193115234,"FixedEffectModels.reg",2,"basic_dgp",10,1e+05
6,0.0815269947052002,"lfe::felm",2,"basic_dgp",10,1e+05
6,0.00687599182128906,"fixest::feols",2,"basic_dgp",10,1e+05
6,0.109445095062256,"pyfixest.feols",3,"basic_dgp",10,1e+05
6,0.0143451690673828,"FixedEffectModels.reg",3,"basic_dgp",10,1e+05
6,0.0897929668426514,"lfe::felm",3,"basic_dgp",10,1e+05
6,0.00922894477844238,"fixest::feols",3,"basic_dgp",10,1e+05
7,0.0711371898651123,"pyfixest.feols",1,"basic_dgp",10,1e+05
7,0.00336599349975586,"FixedEffectModels.reg",1,"basic_dgp",10,1e+05
7,0.114783048629761,"lfe::felm",1,"basic_dgp",10,1e+05
7,0.00556802749633789,"fixest::feols",1,"basic_dgp",10,1e+05
7,0.10714602470398,"pyfixest.feols",2,"basic_dgp",10,1e+05
7,0.0104460716247559,"FixedEffectModels.reg",2,"basic_dgp",10,1e+05
7,0.086885929107666,"lfe::felm",2,"basic_dgp",10,1e+05
7,0.00709819793701172,"fixest::feols",2,"basic_dgp",10,1e+05
7,0.108180999755859,"pyfixest.feols",3,"basic_dgp",10,1e+05
7,0.0173718929290771,"FixedEffectModels.reg",3,"basic_dgp",10,1e+05
7,0.0838150978088379,"lfe::felm",3,"basic_dgp",10,1e+05
7,0.00972700119018555,"fixest::feols",3,"basic_dgp",10,1e+05
8,0.0698332786560059,"pyfixest.feols",1,"basic_dgp",10,1e+05
8,0.00434017181396484,"FixedEffectModels.reg",1,"basic_dgp",10,1e+05
8,0.119763135910034,"lfe::felm",1,"basic_dgp",10,1e+05
8,0.00561094284057617,"fixest::feols",1,"basic_dgp",10,1e+05
8,0.107447147369385,"pyfixest.feols",2,"basic_dgp",10,1e+05
8,0.0878438949584961,"FixedEffectModels.reg",2,"basic_dgp",10,1e+05
8,0.0819358825683594,"lfe::felm",2,"basic_dgp",10,1e+05
8,0.00703287124633789,"fixest::feols",2,"basic_dgp",10,1e+05
8,0.10781979560852,"pyfixest.feols",3,"basic_dgp",10,1e+05
8,0.0161240100860596,"FixedEffectModels.reg",3,"basic_dgp",10,1e+05
8,0.087805986404419,"lfe::felm",3,"basic_dgp",10,1e+05
8,0.00911998748779297,"fixest::feols",3,"basic_dgp",10,1e+05
9,0.0702431201934814,"pyfixest.feols",1,"basic_dgp",10,1e+05
9,0.00365495681762695,"FixedEffectModels.reg",1,"basic_dgp",10,1e+05
9,0.114628076553345,"lfe::felm",1,"basic_dgp",10,1e+05
9,0.00551295280456543,"fixest::feols",1,"basic_dgp",10,1e+05
9,0.107076168060303,"pyfixest.feols",2,"basic_dgp",10,1e+05
9,0.00903487205505371,"FixedEffectModels.reg",2,"basic_dgp",10,1e+05
9,0.083716869354248,"lfe::felm",2,"basic_dgp",10,1e+05
9,0.00765895843505859,"fixest::feols",2,"basic_dgp",10,1e+05
9,0.108246088027954,"pyfixest.feols",3,"basic_dgp",10,1e+05
9,0.0129730701446533,"FixedEffectModels.reg",3,"basic_dgp",10,1e+05
9,0.0895400047302246,"lfe::felm",3,"basic_dgp",10,1e+05
9,0.00941801071166992,"fixest::feols",3,"basic_dgp",10,1e+05
10,0.0702738761901855,"pyfixest.feols",1,"basic_dgp",10,1e+05
10,0.00344085693359375,"FixedEffectModels.reg",1,"basic_dgp",10,1e+05
10,0.115097045898438,"lfe::felm",1,"basic_dgp",10,1e+05
10,0.00560498237609863,"fixest::feols",1,"basic_dgp",10,1e+05
10,0.106781005859375,"pyfixest.feols",2,"basic_dgp",10,1e+05
10,0.0878200531005859,"FixedEffectModels.reg",2,"basic_dgp",10,1e+05
10,0.0819418430328369,"lfe::felm",2,"basic_dgp",10,1e+05
10,0.00705480575561523,"fixest::feols",2,"basic_dgp",10,1e+05
10,0.110225915908813,"pyfixest.feols",3,"basic_dgp",10,1e+05
10,0.0122959613800049,"FixedEffectModels.reg",3,"basic_dgp",10,1e+05
10,0.0882618427276611,"lfe::felm",3,"basic_dgp",10,1e+05
10,0.00928306579589844,"fixest::feols",3,"basic_dgp",10,1e+05
11,0.0696871280670166,"pyfixest.feols",1,"basic_dgp",10,1e+05
11,0.00294399261474609,"FixedEffectModels.reg",1,"basic_dgp",10,1e+05
11,0.114090919494629,"lfe::felm",1,"basic_dgp",10,1e+05
11,0.00557088851928711,"fixest::feols",1,"basic_dgp",10,1e+05
11,0.105969905853271,"pyfixest.feols",2,"basic_dgp",10,1e+05
11,0.0115878582000732,"FixedEffectModels.reg",2,"basic_dgp",10,1e+05
11,0.0857100486755371,"lfe::felm",2,"basic_dgp",10,1e+05
11,0.00723505020141602,"fixest::feols",2,"basic_dgp",10,1e+05
11,0.109482765197754,"pyfixest.feols",3,"basic_dgp",10,1e+05
11,0.0129010677337646,"FixedEffectModels.reg",3,"basic_dgp",10,1e+05
11,0.0836770534515381,"lfe::felm",3,"basic_dgp",10,1e+05
11,0.00971603393554688,"fixest::feols",3,"basic_dgp",10,1e+05
2,0.138985395431519,"pyfixest.feols",1,"basic_dgp",10,1e+06
2,0.0232839584350586,"FixedEffectModels.reg",1,"basic_dgp",10,1e+06
2,0.744985103607178,"lfe::felm",1,"basic_dgp",10,1e+06
2,0.0236918926239014,"fixest::feols",1,"basic_dgp",10,1e+06
2,1.21428990364075,"pyfixest.feols",2,"basic_dgp",10,1e+06
2,0.132665872573853,"FixedEffectModels.reg",2,"basic_dgp",10,1e+06
2,0.618552923202515,"lfe::felm",2,"basic_dgp",10,1e+06
2,0.0450870990753174,"fixest::feols",2,"basic_dgp",10,1e+06
2,1.15483593940735,"pyfixest.feols",3,"basic_dgp",10,1e+06
2,0.116054058074951,"FixedEffectModels.reg",3,"basic_dgp",10,1e+06
2,0.505187034606934,"lfe::felm",3,"basic_dgp",10,1e+06
2,0.0688269138336182,"fixest::feols",3,"basic_dgp",10,1e+06
3,0.166730165481567,"pyfixest.feols",1,"basic_dgp",10,1e+06
3,0.0249559879302979,"FixedEffectModels.reg",1,"basic_dgp",10,1e+06
3,0.798014163970947,"lfe::felm",1,"basic_dgp",10,1e+06
3,0.0313231945037842,"fixest::feols",1,"basic_dgp",10,1e+06
3,1.13445973396301,"pyfixest.feols",2,"basic_dgp",10,1e+06
3,0.159425020217896,"FixedEffectModels.reg",2,"basic_dgp",10,1e+06
3,0.334819078445435,"lfe::felm",2,"basic_dgp",10,1e+06
3,0.18323016166687,"fixest::feols",2,"basic_dgp",10,1e+06
3,1.16635489463806,"pyfixest.feols",3,"basic_dgp",10,1e+06
3,0.113131046295166,"FixedEffectModels.reg",3,"basic_dgp",10,1e+06
3,0.375359058380127,"lfe::felm",3,"basic_dgp",10,1e+06
3,0.0667040348052979,"fixest::feols",3,"basic_dgp",10,1e+06
4,0.141489267349243,"pyfixest.feols",1,"basic_dgp",10,1e+06
4,0.0233898162841797,"FixedEffectModels.reg",1,"basic_dgp",10,1e+06
4,0.598932981491089,"lfe::felm",1,"basic_dgp",10,1e+06
4,0.0289719104766846,"fixest::feols",1,"basic_dgp",10,1e+06
4,1.13197493553162,"pyfixest.feols",2,"basic_dgp",10,1e+06
4,0.0835630893707275,"FixedEffectModels.reg",2,"basic_dgp",10,1e+06
4,0.48415207862854,"lfe::felm",2,"basic_dgp",10,1e+06
4,0.0469169616699219,"fixest::feols",2,"basic_dgp",10,1e+06
4,1.17569589614868,"pyfixest.feols",3,"basic_dgp",10,1e+06
4,0.110798120498657,"FixedEffectModels.reg",3,"basic_dgp",10,1e+06
4,0.50460696220398,"lfe::felm",3,"basic_dgp",10,1e+06
4,0.0662119388580322,"fixest::feols",3,"basic_dgp",10,1e+06
5,0.140354871749878,"pyfixest.feols",1,"basic_dgp",10,1e+06
5,0.0227069854736328,"FixedEffectModels.reg",1,"basic_dgp",10,1e+06
5,0.608731031417847,"lfe::felm",1,"basic_dgp",10,1e+06
5,0.0291769504547119,"fixest::feols",1,"basic_dgp",10,1e+06
5,1.12911677360535,"pyfixest.feols",2,"basic_dgp",10,1e+06
5,0.0834791660308838,"FixedEffectModels.reg",2,"basic_dgp",10,1e+06
5,0.32785701751709,"lfe::felm",2,"basic_dgp",10,1e+06
5,0.0507738590240479,"fixest::feols",2,"basic_dgp",10,1e+06
5,1.13476991653442,"pyfixest.feols",3,"basic_dgp",10,1e+06
5,0.102121829986572,"FixedEffectModels.reg",3,"basic_dgp",10,1e+06
5,0.486763954162598,"lfe::felm",3,"basic_dgp",10,1e+06
5,0.0659339427947998,"fixest::feols",3,"basic_dgp",10,1e+06
6,0.137887001037598,"pyfixest.feols",1,"basic_dgp",10,1e+06
6,0.0224039554595947,"FixedEffectModels.reg",1,"basic_dgp",10,1e+06
6,0.741353988647461,"lfe::felm",1,"basic_dgp",10,1e+06
6,0.0314159393310547,"fixest::feols",1,"basic_dgp",10,1e+06
6,1.12573909759521,"pyfixest.feols",2,"basic_dgp",10,1e+06
6,0.158577919006348,"FixedEffectModels.reg",2,"basic_dgp",10,1e+06
6,0.457205772399902,"lfe::felm",2,"basic_dgp",10,1e+06
6,0.0454249382019043,"fixest::feols",2,"basic_dgp",10,1e+06
6,1.23230409622192,"pyfixest.feols",3,"basic_dgp",10,1e+06
6,0.11557412147522,"FixedEffectModels.reg",3,"basic_dgp",10,1e+06
6,0.546828031539917,"lfe::felm",3,"basic_dgp",10,1e+06
6,0.0659899711608887,"fixest::feols",3,"basic_dgp",10,1e+06
7,0.152865886688232,"pyfixest.feols",1,"basic_dgp",10,1e+06
7,0.0244100093841553,"FixedEffectModels.reg",1,"basic_dgp",10,1e+06
7,0.763416051864624,"lfe::felm",1,"basic_dgp",10,1e+06
7,0.0310590267181396,"fixest::feols",1,"basic_dgp",10,1e+06
7,1.21360397338867,"pyfixest.feols",2,"basic_dgp",10,1e+06
7,0.08536696434021,"FixedEffectModels.reg",2,"basic_dgp",10,1e+06
7,0.466784000396729,"lfe::felm",2,"basic_dgp",10,1e+06
7,0.0460338592529297,"fixest::feols",2,"basic_dgp",10,1e+06
7,1.14224624633789,"pyfixest.feols",3,"basic_dgp",10,1e+06
7,0.102110147476196,"FixedEffectModels.reg",3,"basic_dgp",10,1e+06
7,0.497777938842773,"lfe::felm",3,"basic_dgp",10,1e+06
7,0.0659890174865723,"fixest::feols",3,"basic_dgp",10,1e+06
8,0.140935897827148,"pyfixest.feols",1,"basic_dgp",10,1e+06
8,0.0235469341278076,"FixedEffectModels.reg",1,"basic_dgp",10,1e+06
8,0.744704961776733,"lfe::felm",1,"basic_dgp",10,1e+06
8,0.0296411514282227,"fixest::feols",1,"basic_dgp",10,1e+06
8,1.14170598983765,"pyfixest.feols",2,"basic_dgp",10,1e+06
8,0.168642997741699,"FixedEffectModels.reg",2,"basic_dgp",10,1e+06
8,0.346219062805176,"lfe::felm",2,"basic_dgp",10,1e+06
8,0.181064128875732,"fixest::feols",2,"basic_dgp",10,1e+06
8,1.22463488578796,"pyfixest.feols",3,"basic_dgp",10,1e+06
8,0.10358715057373,"FixedEffectModels.reg",3,"basic_dgp",10,1e+06
8,0.459069013595581,"lfe::felm",3,"basic_dgp",10,1e+06
8,0.0697269439697266,"fixest::feols",3,"basic_dgp",10,1e+06
9,0.151474237442017,"pyfixest.feols",1,"basic_dgp",10,1e+06
9,0.0992569923400879,"FixedEffectModels.reg",1,"basic_dgp",10,1e+06
9,0.807646989822388,"lfe::felm",1,"basic_dgp",10,1e+06
9,0.024273157119751,"fixest::feols",1,"basic_dgp",10,1e+06
9,1.16735410690308,"pyfixest.feols",2,"basic_dgp",10,1e+06
9,0.0857961177825928,"FixedEffectModels.reg",2,"basic_dgp",10,1e+06
9,0.347452878952026,"lfe::felm",2,"basic_dgp",10,1e+06
9,0.193821907043457,"fixest::feols",2,"basic_dgp",10,1e+06
9,1.29238700866699,"pyfixest.feols",3,"basic_dgp",10,1e+06
9,0.133039951324463,"FixedEffectModels.reg",3,"basic_dgp",10,1e+06
9,0.570026874542236,"lfe::felm",3,"basic_dgp",10,1e+06
9,0.0624909400939941,"fixest::feols",3,"basic_dgp",10,1e+06
10,0.14407205581665,"pyfixest.feols",1,"basic_dgp",10,1e+06
10,0.025853157043457,"FixedEffectModels.reg",1,"basic_dgp",10,1e+06
10,0.789160013198853,"lfe::felm",1,"basic_dgp",10,1e+06
10,0.0261240005493164,"fixest::feols",1,"basic_dgp",10,1e+06
10,1.20300388336182,"pyfixest.feols",2,"basic_dgp",10,1e+06
10,0.103954076766968,"FixedEffectModels.reg",2,"basic_dgp",10,1e+06
10,0.517596960067749,"lfe::felm",2,"basic_dgp",10,1e+06
10,0.0399930477142334,"fixest::feols",2,"basic_dgp",10,1e+06
10,1.16617226600647,"pyfixest.feols",3,"basic_dgp",10,1e+06
10,0.212430000305176,"FixedEffectModels.reg",3,"basic_dgp",10,1e+06
10,0.56138801574707,"lfe::felm",3,"basic_dgp",10,1e+06
10,0.060697078704834,"fixest::feols",3,"basic_dgp",10,1e+06
11,0.14584493637085,"pyfixest.feols",1,"basic_dgp",10,1e+06
11,0.109117031097412,"FixedEffectModels.reg",1,"basic_dgp",10,1e+06
11,0.758722066879272,"lfe::felm",1,"basic_dgp",10,1e+06
11,0.0294060707092285,"fixest::feols",1,"basic_dgp",10,1e+06
11,1.22259616851807,"pyfixest.feols",2,"basic_dgp",10,1e+06
11,0.17226505279541,"FixedEffectModels.reg",2,"basic_dgp",10,1e+06
11,0.362556934356689,"lfe::felm",2,"basic_dgp",10,1e+06
11,0.188657999038696,"fixest::feols",2,"basic_dgp",10,1e+06
11,1.18955206871033,"pyfixest.feols",3,"basic_dgp",10,1e+06
11,0.23937201499939,"FixedEffectModels.reg",3,"basic_dgp",10,1e+06
11,0.358035802841187,"lfe::felm",3,"basic_dgp",10,1e+06
11,0.0702469348907471,"fixest::feols",3,"basic_dgp",10,1e+06
